id,first_name,last_name,email,gender,ip_address
1,Kippie,Turville,kturville0@bluehost.com,Male,120.107.225.34
2,Baldwin,Pilley,bpilley1@google.com,Male,255.239.2.196
3,Wilmette,Vescovo,wvescovo2@vistaprint.com,Female,7.104.191.62
4,Dewitt,Fruchon,dfruchon3@fotki.com,Male,18.63.183.175
5,Desiri,Espadero,despadero4@chronoengine.com,Female,179.9.219.109
6,Jennee,Cescotti,jcescotti5@senate.gov,Female,110.239.207.248
7,Gennifer,Peaurt,gpeaurt6@ovh.net,Female,55.64.239.238
8,Obadiah,Prowting,oprowting7@ibm.com,Male,85.243.164.218
9,Sonny,Bog,sbog8@china.com.cn,Female,226.27.153.103
10,Adan,Aynsley,aaynsley9@springer.com,Female,158.81.145.192
11,Reeta,Kenaway,rkenawaya@cornell.edu,Female,28.151.201.186
12,Viole,Giannoni,vgiannonib@ebay.com,Female,30.201.105.95
13,Arlyn,Karpfen,akarpfenc@ow.ly,Female,81.4.198.49
14,Eberto,Coneron,econerond@wordpress.com,Male,213.113.136.47
15,Davidde,Insoll,dinsolle@4shared.com,Male,204.41.64.134
16,Dud,Pinnere,dpinneref@statcounter.com,Male,157.102.81.145
17,Malorie,McAllister,mmcallisterg@trellian.com,Female,152.136.93.183
18,Ranna,Da Costa,rdacostah@prweb.com,Female,254.185.232.88
19,Clemmie,Llewellen,cllewelleni@economist.com,Female,251.94.76.53
20,Viviene,Burwin,vburwinj@vistaprint.com,Female,26.95.203.212
21,Jay,Donnel,jdonnelk@gmpg.org,Male,232.91.163.59
22,Marlow,Sorrill,msorrilll@pcworld.com,Male,198.216.251.178
23,Raquela,Ruppertz,rruppertzm@latimes.com,Female,220.188.182.124
24,Zeb,Fintoph,zfintophn@dailymotion.com,Male,238.22.69.146
25,Florinda,Fish,ffisho@goo.ne.jp,Female,116.153.101.24
26,Donavon,Vaulkhard,dvaulkhardp@nhs.uk,Male,43.254.82.247
27,Granthem,Footer,gfooterq@cyberchimps.com,Male,74.192.191.170
28,Abby,Ottewill,aottewillr@stumbleupon.com,Male,192.213.239.60
29,Em,St Quenin,estquenins@sphinn.com,Male,113.74.101.124
30,Roley,Valenta,rvalentat@delicious.com,Male,43.32.188.181
31,Madlen,Gleave,mgleaveu@earthlink.net,Female,244.133.207.227
32,Valentina,Stell,vstellv@bbc.co.uk,Female,9.95.1.0
33,Dwain,Wassung,dwassungw@apple.com,Male,242.187.33.71
34,Marsha,Roelofs,mroelofsx@nationalgeographic.com,Female,68.85.12.122
35,Alyosha,Ferreri,aferreriy@surveymonkey.com,Male,112.160.17.199
36,Dall,Ferneley,dferneleyz@time.com,Male,203.62.153.219
37,Georgia,Godlonton,ggodlonton10@about.com,Female,164.120.247.251
38,Calli,Janczyk,cjanczyk11@skyrock.com,Female,117.213.52.165
39,Mord,Yegorovnin,myegorovnin12@ezinearticles.com,Male,26.195.250.28
40,Elena,Ruggieri,eruggieri13@si.edu,Female,205.136.116.187
41,Lindy,Pedley,lpedley14@nba.com,Male,224.174.30.132
42,Margeaux,Poznanski,mpoznanski15@house.gov,Female,76.41.225.189
43,Gordan,Rowler,growler16@people.com.cn,Male,1.245.45.93
44,Lil,Grocutt,lgrocutt17@bluehost.com,Female,228.229.41.228
45,Barbara-anne,Hasloch,bhasloch18@nps.gov,Female,117.126.164.163
46,Abel,Basford,abasford19@wunderground.com,Male,93.81.219.224
47,Barri,Wardell,bwardell1a@hibu.com,Male,9.243.218.112
48,Janith,Domegan,jdomegan1b@github.com,Female,136.245.67.1
49,Charlena,Chittem,cchittem1c@ucoz.com,Female,3.12.85.126
50,Joya,Dossett,jdossett1d@yahoo.com,Female,238.231.212.222
51,Federica,Lardiner,flardiner1e@over-blog.com,Female,179.200.213.64
52,Brinn,Beswick,bbeswick1f@youtube.com,Female,52.191.208.17
53,Sanson,Vinsen,svinsen1g@ibm.com,Male,34.13.45.200
54,Jocko,Runnicles,jrunnicles1h@dailymotion.com,Male,148.140.84.223
55,Darb,Denisovich,ddenisovich1i@scribd.com,Female,178.148.134.183
56,Elianore,Dunnett,edunnett1j@mlb.com,Female,102.29.137.72
57,Koralle,Ruit,kruit1k@aboutads.info,Female,166.123.75.231
58,Welby,Illidge,willidge1l@people.com.cn,Male,229.91.98.156
59,Johnny,Cavanaugh,jcavanaugh1m@sbwire.com,Male,95.109.165.146
60,Sofia,Divell,sdivell1n@icq.com,Female,150.137.222.69
61,Elvina,Bartrap,ebartrap1o@wiley.com,Female,241.30.121.198
62,Neron,Bullimore,nbullimore1p@jiathis.com,Male,56.76.244.197
63,Sileas,Hastwall,shastwall1q@techcrunch.com,Female,40.173.20.249
64,Gaston,Courtese,gcourtese1r@smh.com.au,Male,229.244.88.212
65,Nora,Tivenan,ntivenan1s@theatlantic.com,Female,98.60.49.60
66,Blinny,Denidge,bdenidge1t@shop-pro.jp,Female,182.202.20.184
67,Alan,Meredith,ameredith1u@gmpg.org,Male,157.117.138.23
68,Saraann,Wedderburn,swedderburn1v@utexas.edu,Female,50.188.18.76
69,Marvin,Finnie,mfinnie1w@jalbum.net,Male,228.186.228.232
70,Irma,Marrett,imarrett1x@unblog.fr,Female,47.34.138.148
71,Marlena,Posvner,mposvner1y@etsy.com,Female,54.76.21.230
72,Conway,Beastall,cbeastall1z@nymag.com,Male,216.167.204.234
73,Langsdon,Shorto,lshorto20@friendfeed.com,Male,209.57.198.87
74,Dannel,Noddings,dnoddings21@seesaa.net,Male,71.183.55.140
75,Grange,Stearne,gstearne22@unblog.fr,Male,14.57.179.27
76,Lizette,Hast,lhast23@soundcloud.com,Female,26.196.176.2
77,Lloyd,Jennings,ljennings24@fda.gov,Male,216.66.221.55
78,Elroy,Shilstone,eshilstone25@soup.io,Male,191.1.230.61
79,Hart,Lambert-Ciorwyn,hlambertciorwyn26@redcross.org,Male,19.198.68.110
80,Starlin,Avrahamian,savrahamian27@samsung.com,Female,132.212.40.175
81,Uriah,Domotor,udomotor28@reference.com,Male,34.234.145.178
82,Ronny,Roze,rroze29@soundcloud.com,Male,92.252.243.3
83,Freida,McIlenna,fmcilenna2a@chron.com,Female,140.102.196.142
84,Hewitt,McGreil,hmcgreil2b@purevolume.com,Male,159.123.172.73
85,Basilius,Duke,bduke2c@bandcamp.com,Male,251.125.12.216
86,Nelia,Collyear,ncollyear2d@sfgate.com,Female,191.215.167.123
87,Skipper,Donovan,sdonovan2e@comcast.net,Male,107.142.171.57
88,Idelle,Zanolli,izanolli2f@abc.net.au,Female,205.54.222.236
89,Jacky,Francey,jfrancey2g@furl.net,Female,42.152.171.181
90,Chryste,Edinborough,cedinborough2h@nationalgeographic.com,Female,197.56.206.131
91,Kelvin,Borsi,kborsi2i@jiathis.com,Male,22.225.223.147
92,Marcia,Poulsum,mpoulsum2j@stumbleupon.com,Female,131.23.189.195
93,Angus,McCaskill,amccaskill2k@geocities.com,Male,246.224.187.17
94,Tabbatha,McGlynn,tmcglynn2l@mail.ru,Female,90.248.129.216
95,Correy,Jancso,cjancso2m@wisc.edu,Male,133.41.12.198
96,Tamarah,Hudd,thudd2n@jimdo.com,Female,194.127.129.159
97,Yul,Docherty,ydocherty2o@nytimes.com,Male,40.99.252.128
98,Tana,Batiste,tbatiste2p@printfriendly.com,Female,48.21.146.81
99,Warner,MacNeilly,wmacneilly2q@cbsnews.com,Male,82.19.59.117
100,Cary,Senn,csenn2r@apache.org,Female,124.64.103.46
101,Percival,Henbury,phenbury2s@fema.gov,Male,139.89.218.182
102,Guenevere,Tollow,gtollow2t@netscape.com,Female,15.11.69.72
103,Dalton,Gamet,dgamet2u@hugedomains.com,Male,212.71.8.47
104,Ernesta,Common,ecommon2v@cocolog-nifty.com,Female,245.57.194.132
105,Sondra,Karle,skarle2w@wp.com,Female,180.142.114.105
106,Finley,Chaise,fchaise2x@chron.com,Male,177.187.34.52
107,Roddie,Coltart,rcoltart2y@dot.gov,Male,83.7.165.76
108,Pavia,Trowler,ptrowler2z@google.ca,Female,134.196.122.167
109,Eduard,Clausson,eclausson30@howstuffworks.com,Male,234.194.82.245
110,Katya,Thorsby,kthorsby31@tamu.edu,Female,150.225.241.38
111,Ezmeralda,Winfindale,ewinfindale32@dagondesign.com,Female,242.153.155.121
112,Karim,Westberg,kwestberg33@purevolume.com,Male,202.23.185.156
113,Melony,Tointon,mtointon34@google.com.au,Female,31.80.249.140
114,Gerrie,Dudenie,gdudenie35@nba.com,Female,194.172.14.240
115,Dominica,Parrot,dparrot36@moonfruit.com,Female,5.232.38.34
116,Sigismondo,Napleton,snapleton37@amazon.de,Male,115.105.92.203
117,Devy,McCoish,dmccoish38@bizjournals.com,Male,56.136.137.89
118,Cully,Goulstone,cgoulstone39@unesco.org,Male,3.167.137.87
119,Sam,Macieja,smacieja3a@infoseek.co.jp,Male,34.54.63.199
120,Tadd,Goodby,tgoodby3b@java.com,Male,28.127.189.119
121,Darnall,Pierucci,dpierucci3c@cocolog-nifty.com,Male,87.88.180.95
122,Traci,Lorrimer,tlorrimer3d@whitehouse.gov,Female,13.119.236.79
123,Kaila,Rodger,krodger3e@wikimedia.org,Female,144.103.26.60
124,Raphaela,Trusslove,rtrusslove3f@reverbnation.com,Female,116.248.31.109
125,Hakeem,Patinkin,hpatinkin3g@mlb.com,Male,247.242.118.171
126,Dame,Van Halen,dvanhalen3h@feedburner.com,Male,114.228.110.5
127,Welbie,Dawkins,wdawkins3i@usgs.gov,Male,212.67.222.108
128,Laina,Lippo,llippo3j@patch.com,Female,198.73.0.159
129,Andrej,Dye,adye3k@so-net.ne.jp,Male,173.14.174.179
130,Luci,Elcy,lelcy3l@posterous.com,Female,112.207.182.242
131,Lorianne,Clavey,lclavey3m@prnewswire.com,Female,11.3.224.138
132,Raine,Gallifont,rgallifont3n@odnoklassniki.ru,Female,9.87.17.194
133,Abbey,Hryskiewicz,ahryskiewicz3o@shutterfly.com,Female,210.206.189.159
134,Terri,Dossett,tdossett3p@tinyurl.com,Male,241.101.41.87
135,Sheffie,Vivash,svivash3q@altervista.org,Male,230.153.127.112
136,Mahala,Ilsley,milsley3r@nature.com,Female,88.181.37.16
137,Ikey,Roden,iroden3s@scientificamerican.com,Male,192.231.172.87
138,Nikolia,Fake,nfake3t@pen.io,Female,114.174.181.162
139,Annice,Courteney,acourteney3u@admin.ch,Female,115.77.215.16
140,Adel,Mullin,amullin3v@etsy.com,Female,136.171.60.194
141,Betta,Barbour,bbarbour3w@networkadvertising.org,Female,162.62.118.229
142,Corabel,Plowell,cplowell3x@hibu.com,Female,75.99.153.4
143,Lars,Byrd,lbyrd3y@freewebs.com,Male,88.241.112.199
144,Clement,Allso,callso3z@vistaprint.com,Male,180.112.157.148
145,Ashla,Semper,asemper40@51.la,Female,77.190.116.233
146,Dorolice,Wanden,dwanden41@studiopress.com,Female,234.201.9.146
147,Noel,Gummer,ngummer42@typepad.com,Female,92.99.24.69
148,Jerry,Ravillas,jravillas43@dagondesign.com,Male,114.83.234.26
149,Arie,Thome,athome44@desdev.cn,Male,156.177.188.207
150,Cynthy,Pickervance,cpickervance45@1und1.de,Female,224.120.61.19
151,Hy,Elsmere,helsmere46@ameblo.jp,Male,124.68.157.105
152,Brandy,Bauckham,bbauckham47@amazon.de,Female,238.152.231.240
153,Octavius,Aldersey,oaldersey48@china.com.cn,Male,59.115.249.214
154,Evonne,Stapford,estapford49@newsvine.com,Female,248.117.162.128
155,Ripley,Petren,rpetren4a@businesswire.com,Male,117.177.223.168
156,Hill,Tidbold,htidbold4b@sourceforge.net,Male,105.77.108.244
157,Mercie,Collinwood,mcollinwood4c@behance.net,Female,137.49.78.60
158,Laurel,Kivits,lkivits4d@redcross.org,Female,238.166.73.97
159,Kirby,Biddleston,kbiddleston4e@prlog.org,Male,190.0.31.228
160,Brewster,Duham,bduham4f@addtoany.com,Male,197.21.121.55
161,Jordan,McKleod,jmckleod4g@phpbb.com,Male,193.178.119.51
162,Anderea,Gissop,agissop4h@marketwatch.com,Female,129.178.55.221
163,Ester,McAllan,emcallan4i@vk.com,Female,186.195.216.134
164,Eartha,Burrage,eburrage4j@sourceforge.net,Female,174.112.13.75
165,Pauly,Gambles,pgambles4k@wisc.edu,Female,40.205.91.95
166,Alexis,Hoy,ahoy4l@buzzfeed.com,Male,181.234.122.241
167,Ardella,Ruddle,aruddle4m@t.co,Female,45.191.53.12
168,Lela,Eady,leady4n@desdev.cn,Female,215.118.111.153
169,Gallagher,Taye,gtaye4o@state.tx.us,Male,93.48.61.118
170,Janaya,Cousins,jcousins4p@histats.com,Female,83.67.155.58
171,Bat,Rycraft,brycraft4q@noaa.gov,Male,209.130.140.117
172,Devlen,Turvey,dturvey4r@ft.com,Male,126.15.170.42
173,Dorthy,Charlewood,dcharlewood4s@about.me,Female,209.24.184.111
174,Meta,McLellan,mmclellan4t@google.co.jp,Female,14.37.194.1
175,Ricardo,Francescoccio,rfrancescoccio4u@dmoz.org,Male,114.210.214.5
176,Scarlett,Booton,sbooton4v@home.pl,Female,254.171.74.58
177,Newton,Scawton,nscawton4w@stumbleupon.com,Male,255.31.73.44
178,Gena,Cossons,gcossons4x@zimbio.com,Female,85.192.63.136
179,Cherry,Holton,cholton4y@oaic.gov.au,Female,65.167.250.96
180,Heida,Hyams,hhyams4z@zimbio.com,Female,191.149.173.198
181,Nev,Webermann,nwebermann50@adobe.com,Male,214.30.88.5
182,Susette,Carriage,scarriage51@hexun.com,Female,65.93.175.39
183,Gaile,Renahan,grenahan52@paginegialle.it,Male,65.240.7.33
184,Gretel,Bowes,gbowes53@shutterfly.com,Female,215.6.168.182
185,Denys,Jostan,djostan54@godaddy.com,Male,158.244.227.203
186,Lurlene,Friedman,lfriedman55@weebly.com,Female,157.72.202.188
187,Orbadiah,Adamiak,oadamiak56@java.com,Male,33.57.86.24
188,Clea,Stidworthy,cstidworthy57@reverbnation.com,Female,158.154.117.131
189,Gillan,Simony,gsimony58@posterous.com,Female,243.110.152.174
190,Audra,O'Cleary,aocleary59@psu.edu,Female,24.226.68.196
191,Miltie,Drayson,mdrayson5a@accuweather.com,Male,127.212.90.120
192,Melicent,Grimm,mgrimm5b@illinois.edu,Female,63.180.39.150
193,Eugenie,MacKim,emackim5c@phoca.cz,Female,200.53.9.237
194,Brunhilda,Gammade,bgammade5d@skyrock.com,Female,208.119.232.89
195,Clair,Crawcour,ccrawcour5e@engadget.com,Female,104.65.162.133
196,Darby,Curreen,dcurreen5f@icio.us,Male,92.228.96.211
197,Mauricio,Barlow,mbarlow5g@squidoo.com,Male,204.125.6.12
198,Artemas,Kubal,akubal5h@blogtalkradio.com,Male,10.125.26.200
199,Rees,Kynett,rkynett5i@studiopress.com,Male,218.126.110.67
200,Cicily,Pariss,cpariss5j@salon.com,Female,120.185.127.131
201,Lukas,Briance,lbriance5k@t-online.de,Male,221.131.84.167
202,Sheba,Climo,sclimo5l@wsj.com,Female,31.227.199.99
203,Kipp,Bispo,kbispo5m@sakura.ne.jp,Male,227.221.139.17
204,Gaspard,Farrans,gfarrans5n@dot.gov,Male,160.89.15.40
205,Kay,Upfold,kupfold5o@imdb.com,Female,251.93.28.156
206,Rosette,Maass,rmaass5p@amazon.co.jp,Female,104.220.36.34
207,See,Ollet,sollet5q@narod.ru,Male,93.73.215.153
208,Kristin,Cartwight,kcartwight5r@independent.co.uk,Female,173.5.92.177
209,Sloan,Jardin,sjardin5s@t-online.de,Male,44.231.159.120
210,Deonne,Glauber,dglauber5t@cbsnews.com,Female,196.2.192.224
211,Harland,Valde,hvalde5u@desdev.cn,Male,84.52.205.106
212,Zara,Lukasik,zlukasik5v@w3.org,Female,243.55.157.98
213,Coleman,Mibourne,cmibourne5w@simplemachines.org,Male,104.88.176.131
214,Jessika,Hansberry,jhansberry5x@cam.ac.uk,Female,122.78.186.10
215,Annmaria,Boffey,aboffey5y@dmoz.org,Female,51.204.138.24
216,My,Wetherell,mwetherell5z@wufoo.com,Male,57.73.236.115
217,Nanice,Reisen,nreisen60@yale.edu,Female,188.192.118.23
218,Thom,Lesurf,tlesurf61@nature.com,Male,221.121.205.211
219,Wenona,McAulay,wmcaulay62@blinklist.com,Female,90.216.192.233
220,Franklin,Cator,fcator63@ask.com,Male,84.61.249.126
221,Polly,Whitley,pwhitley64@reuters.com,Female,149.4.0.182
222,Viv,Wolland,vwolland65@skype.com,Female,23.4.92.211
223,Wiley,Harrell,wharrell66@google.co.uk,Male,138.108.228.200
224,Harrison,Linturn,hlinturn67@ebay.co.uk,Male,57.77.64.251
225,Tabor,Hubball,thubball68@purevolume.com,Male,135.113.105.139
226,Saunder,Gabbatt,sgabbatt69@360.cn,Male,31.22.232.84
227,Sheffie,Trinder,strinder6a@google.co.uk,Male,219.35.33.180
228,Riki,Buttery,rbuttery6b@addthis.com,Female,38.119.37.241
229,Rudolf,Brient,rbrient6c@ed.gov,Male,23.99.15.99
230,Keefer,Heersema,kheersema6d@acquirethisname.com,Male,1.35.74.226
231,Bonita,Syvret,bsyvret6e@ftc.gov,Female,55.123.6.178
232,Silva,Balwin,sbalwin6f@google.es,Female,47.127.110.86
233,Merrile,Redley,mredley6g@webmd.com,Female,192.134.114.188
234,Kennith,Rundle,krundle6h@goo.ne.jp,Male,199.20.114.243
235,Dani,Cousin,dcousin6i@google.ru,Male,47.175.69.177
236,Etta,Zmitruk,ezmitruk6j@aboutads.info,Female,254.131.129.223
237,Hill,Foulcher,hfoulcher6k@sun.com,Male,19.33.31.64
238,Ammamaria,Berresford,aberresford6l@devhub.com,Female,236.3.210.251
239,Ed,Hellin,ehellin6m@yolasite.com,Male,56.138.117.254
240,Tabbi,Hauxley,thauxley6n@twitpic.com,Female,100.154.76.108
241,Dorrie,Sigars,dsigars6o@blogspot.com,Female,103.176.45.121
242,Ermanno,Drance,edrance6p@webs.com,Male,181.204.114.14
243,Josh,Maypes,jmaypes6q@tripod.com,Male,187.174.15.176
244,Herman,Gyves,hgyves6r@mediafire.com,Male,200.231.12.177
245,Malina,Paulino,mpaulino6s@google.com.br,Female,107.85.65.232
246,Bertie,Dogerty,bdogerty6t@a8.net,Male,89.56.173.21
247,Briny,Mawson,bmawson6u@i2i.jp,Female,101.158.52.165
248,Giacomo,Bramford,gbramford6v@163.com,Male,45.209.62.106
249,Renata,Cancellieri,rcancellieri6w@unesco.org,Female,119.25.143.37
250,Hansiain,Dory,hdory6x@thetimes.co.uk,Male,196.14.75.173
251,Vicki,Rissen,vrissen6y@geocities.jp,Female,118.232.11.116
252,Corina,Lamacraft,clamacraft6z@amazonaws.com,Female,215.114.78.9
253,Judie,Mabbot,jmabbot70@ebay.co.uk,Female,110.99.176.213
254,Gaven,Beddin,gbeddin71@clickbank.net,Male,73.165.156.164
255,Cara,Penticost,cpenticost72@ftc.gov,Female,101.206.61.78
256,Veriee,Duncan,vduncan73@weather.com,Female,66.108.3.32
257,Cameron,Goudge,cgoudge74@who.int,Male,54.84.87.190
258,Smitty,Peddel,speddel75@yahoo.co.jp,Male,156.213.189.42
259,Trenna,Oliveras,toliveras76@adobe.com,Female,176.79.175.118
260,Rivi,Gillmor,rgillmor77@rediff.com,Female,141.171.106.221
261,Ketti,Spelling,kspelling78@ovh.net,Female,88.170.94.196
262,Tabor,Dane,tdane79@nps.gov,Male,166.14.3.225
263,Jemimah,Turfitt,jturfitt7a@mysql.com,Female,47.92.162.54
264,Consalve,Dryburgh,cdryburgh7b@google.it,Male,225.216.238.11
265,Josefa,Kaming,jkaming7c@psu.edu,Female,176.128.153.106
266,Wilhelmine,Wipper,wwipper7d@uiuc.edu,Female,137.98.142.168
267,Webb,Stamp,wstamp7e@home.pl,Male,9.197.170.13
268,Jacki,Duly,jduly7f@de.vu,Female,42.97.198.102
269,Sylas,Haswell,shaswell7g@usda.gov,Male,71.106.101.93
270,Sheela,Readie,sreadie7h@free.fr,Female,140.61.17.68
271,Ruthann,Haddacks,rhaddacks7i@geocities.com,Female,195.190.216.179
272,Kurt,Wainscoat,kwainscoat7j@sciencedaily.com,Male,204.250.178.230
273,Kynthia,Hudspeth,khudspeth7k@admin.ch,Female,243.54.118.181
274,Lyssa,Wippermann,lwippermann7l@walmart.com,Female,120.248.216.126
275,Garwin,Bucknell,gbucknell7m@apache.org,Male,201.108.93.18
276,Esme,MacPhail,emacphail7n@reddit.com,Male,64.161.111.32
277,Barbabas,Ellwell,bellwell7o@hud.gov,Male,50.137.133.199
278,Aldon,Willerson,awillerson7p@naver.com,Male,196.156.21.20
279,Clevey,L'Hommee,clhommee7q@blogtalkradio.com,Male,181.54.34.115
280,Mickie,Tryhorn,mtryhorn7r@soundcloud.com,Male,144.189.142.87
281,Corrie,Arno,carno7s@github.com,Male,10.106.122.195
282,Theodore,Brownlee,tbrownlee7t@sakura.ne.jp,Male,17.53.12.65
283,Hastie,Perroni,hperroni7u@mac.com,Male,215.236.214.246
284,Wesley,Carlile,wcarlile7v@uiuc.edu,Male,74.147.182.133
285,Helaina,Vinall,hvinall7w@bloglines.com,Female,133.68.16.135
286,Aloisia,Sams,asams7x@independent.co.uk,Female,114.122.233.99
287,Cassy,Limming,climming7y@hibu.com,Female,137.114.228.36
288,Leland,Giovani,lgiovani7z@webs.com,Male,224.130.57.165
289,Annissa,Fargher,afargher80@nih.gov,Female,224.191.131.248
290,Merrill,Dobey,mdobey81@home.pl,Male,1.136.41.194
291,Raina,Ors,rors82@blinklist.com,Female,86.251.254.216
292,Anthea,Pietruszewicz,apietruszewicz83@scientificamerican.com,Female,158.102.79.87
293,Eamon,Kubis,ekubis84@about.me,Male,11.240.223.121
294,Abba,Shutler,ashutler85@va.gov,Male,242.51.192.191
295,Giffie,Caltera,gcaltera86@artisteer.com,Male,21.60.50.190
296,Reginauld,Brisbane,rbrisbane87@icq.com,Male,179.208.247.10
297,Jerad,Lafuente,jlafuente88@mapy.cz,Male,201.21.112.30
298,Arline,Pavis,apavis89@google.com.hk,Female,19.120.73.155
299,Chick,Reboul,creboul8a@blogger.com,Male,29.233.236.159
300,Emmanuel,Greenslade,egreenslade8b@over-blog.com,Male,145.72.197.242
301,Vlad,Brugmann,vbrugmann8c@tripadvisor.com,Male,148.164.237.118
302,Durante,Dilawey,ddilawey8d@ovh.net,Male,202.245.162.127
303,Anstice,Gelsthorpe,agelsthorpe8e@domainmarket.com,Female,136.252.137.131
304,Phylys,Fillery,pfillery8f@mail.ru,Female,212.56.75.48
305,Sabine,Christofe,schristofe8g@wired.com,Female,158.241.221.239
306,Darbie,Vicent,dvicent8h@google.com.br,Female,242.61.189.143
307,Tessi,Cran,tcran8i@issuu.com,Female,42.83.45.100
308,Fremont,Wildt,fwildt8j@cnbc.com,Male,115.61.48.68
309,Marget,Farrears,mfarrears8k@ibm.com,Female,244.139.202.90
310,Creight,Proger,cproger8l@hexun.com,Male,212.253.78.238
311,Kaela,Braniff,kbraniff8m@xinhuanet.com,Female,90.28.50.127
312,Dario,Shrubb,dshrubb8n@livejournal.com,Male,23.24.136.232
313,Roma,Amorts,ramorts8o@opera.com,Male,70.125.61.64
314,Evaleen,Condie,econdie8p@geocities.jp,Female,46.225.139.158
315,Tess,Coventry,tcoventry8q@themeforest.net,Female,12.60.51.90
316,Laurent,Seson,lseson8r@ow.ly,Male,117.242.168.59
317,Angelia,Lapthorne,alapthorne8s@fc2.com,Female,34.4.132.35
318,Ada,Cursey,acursey8t@bluehost.com,Female,32.93.209.124
319,Norene,Garrison,ngarrison8u@chronoengine.com,Female,137.16.184.124
320,Sylvester,Simounet,ssimounet8v@google.cn,Male,86.253.163.77
321,Payton,Wheadon,pwheadon8w@google.pl,Male,29.33.6.81
322,Harvey,Beden,hbeden8x@joomla.org,Male,7.110.161.197
323,Babara,O'Leagham,boleagham8y@plala.or.jp,Female,94.11.179.102
324,Zitella,Hugonnet,zhugonnet8z@mac.com,Female,152.216.70.126
325,Nikolai,Harling,nharling90@jimdo.com,Male,194.143.233.83
326,Northrop,Hearnaman,nhearnaman91@sphinn.com,Male,132.73.106.65
327,Shelton,Klaassens,sklaassens92@ox.ac.uk,Male,88.51.232.52
328,Corey,Florence,cflorence93@smugmug.com,Male,225.246.95.78
329,Dalt,Binnion,dbinnion94@noaa.gov,Male,227.149.127.53
330,Toddie,Coller,tcoller95@amazon.co.jp,Male,238.73.125.174
331,Farrel,Hughman,fhughman96@msn.com,Male,233.79.40.97
332,Clemmie,Willoughby,cwilloughby97@woothemes.com,Male,248.151.61.23
333,Kiley,Burwin,kburwin98@smh.com.au,Male,115.246.155.40
334,Bealle,Sokell,bsokell99@live.com,Male,253.248.0.134
335,Gal,Matzen,gmatzen9a@ebay.co.uk,Male,117.163.169.3
336,Leonore,Perrington,lperrington9b@google.co.uk,Female,26.182.76.27
337,Pinchas,Kidner,pkidner9c@php.net,Male,113.105.144.22
338,Cheslie,Semken,csemken9d@unesco.org,Female,153.103.98.197
339,Winny,Lodwig,wlodwig9e@state.tx.us,Male,123.87.69.209
340,Ranna,MacCallister,rmaccallister9f@skyrock.com,Female,156.193.103.141
341,Lancelot,Boyes,lboyes9g@reddit.com,Male,103.180.30.181
342,Juan,Clemencet,jclemencet9h@usatoday.com,Male,94.3.217.62
343,Graeme,Chillistone,gchillistone9i@upenn.edu,Male,21.228.44.109
344,Cullie,Botterell,cbotterell9j@timesonline.co.uk,Male,100.198.16.174
345,Rickard,Nazaret,rnazaret9k@ox.ac.uk,Male,101.173.255.254
346,Maje,Rainsden,mrainsden9l@spiegel.de,Male,246.86.173.120
347,Erma,Wildt,ewildt9m@mysql.com,Female,101.213.80.108
348,Krystyna,Binge,kbinge9n@blog.com,Female,65.253.110.27
349,Osborne,Arkil,oarkil9o@samsung.com,Male,2.15.215.112
350,Ania,Fulle,afulle9p@gmpg.org,Female,4.190.77.167
351,Muire,Gathwaite,mgathwaite9q@sbwire.com,Female,128.132.244.151
352,Bettine,Redwing,bredwing9r@irs.gov,Female,115.20.247.242
353,Virgie,Blasi,vblasi9s@ihg.com,Female,29.202.46.163
354,Hartley,Wragg,hwragg9t@ning.com,Male,61.53.80.12
355,Bibbye,Moreton,bmoreton9u@1688.com,Female,60.80.238.135
356,Martynne,Hyder,mhyder9v@army.mil,Female,122.237.83.151
357,Gardener,Fraczkiewicz,gfraczkiewicz9w@oakley.com,Male,72.245.241.182
358,Liane,Pounder,lpounder9x@posterous.com,Female,249.100.143.229
359,Job,Sutty,jsutty9y@issuu.com,Male,254.60.149.74
360,Leigh,Reedick,lreedick9z@about.com,Male,119.65.181.29
361,Corbet,Crimin,ccrimina0@diigo.com,Male,66.174.199.51
362,Kordula,Fancett,kfancetta1@bbc.co.uk,Female,184.237.254.147
363,Raviv,Tallman,rtallmana2@geocities.jp,Male,110.138.175.107
364,Steffane,Belamy,sbelamya3@spotify.com,Female,168.6.180.2
365,Jewelle,Forsyth,jforsytha4@desdev.cn,Female,88.67.244.40
366,Pennie,Whitwham,pwhitwhama5@hhs.gov,Male,37.24.200.162
367,Yolane,Keston,ykestona6@businesswire.com,Female,174.209.223.16
368,Erie,Feathersby,efeathersbya7@1und1.de,Male,205.129.86.60
369,Bathsheba,Bolver,bbolvera8@statcounter.com,Female,40.48.123.39
370,Haydon,Campaigne,hcampaignea9@nytimes.com,Male,165.65.8.119
371,Ruggiero,Wilcocke,rwilcockeaa@eepurl.com,Male,184.165.211.185
372,Ernestine,Learmont,elearmontab@icq.com,Female,198.92.146.90
373,Archaimbaud,Godden,agoddenac@vk.com,Male,169.230.178.134
374,Cheslie,Hawkey,chawkeyad@bandcamp.com,Female,121.186.203.195
375,Laney,Briatt,lbriattae@harvard.edu,Female,180.118.206.8
376,Myrvyn,Clementet,mclementetaf@homestead.com,Male,64.94.62.154
377,Carolee,Aldins,caldinsag@china.com.cn,Female,138.65.164.249
378,Salome,Cardello,scardelloah@reuters.com,Female,247.43.133.248
379,Carlye,Shaddock,cshaddockai@columbia.edu,Female,60.1.88.27
380,Lindsay,Anfonsi,lanfonsiaj@sciencedaily.com,Female,200.135.208.136
381,Shane,Crew,screwak@cbsnews.com,Male,179.41.63.85
382,Ashley,Cristobal,acristobalal@twitpic.com,Male,162.122.81.181
383,Lonni,Brabbins,lbrabbinsam@netlog.com,Female,33.113.239.136
384,Ricoriki,Hurdidge,rhurdidgean@hatena.ne.jp,Male,148.224.130.177
385,Kristin,Meatcher,kmeatcherao@lycos.com,Female,47.106.5.85
386,Helyn,Timothy,htimothyap@gmpg.org,Female,154.42.203.182
387,Udell,Enterlein,uenterleinaq@wikispaces.com,Male,82.217.129.40
388,Manon,Kas,mkasar@zdnet.com,Female,217.9.74.150
389,Xaviera,Leeder,xleederas@360.cn,Female,107.69.69.2
390,Emerson,MacElharge,emacelhargeat@twitpic.com,Male,195.108.69.74
391,Ilario,Filkov,ifilkovau@discovery.com,Male,17.135.97.66
392,Haroun,Gorwood,hgorwoodav@delicious.com,Male,183.92.136.66
393,Abigale,Cardero,acarderoaw@dailymotion.com,Female,79.34.100.53
394,Currie,Attreed,cattreedax@usnews.com,Male,103.18.199.212
395,Winnifred,Sheppard,wshepparday@dailymail.co.uk,Female,22.111.153.119
396,Morganne,Parnaby,mparnabyaz@spiegel.de,Female,162.42.50.222
397,Melodee,Toal,mtoalb0@cbsnews.com,Female,48.117.152.179
398,Loleta,Shucksmith,lshucksmithb1@umn.edu,Female,66.219.88.26
399,Frederick,Azemar,fazemarb2@yandex.ru,Male,131.238.40.201
400,Franciska,MacTrusty,fmactrustyb3@auda.org.au,Female,164.141.33.171
401,Taddeusz,Rihanek,trihanekb4@t.co,Male,140.175.17.178
402,Winston,Laister,wlaisterb5@pagesperso-orange.fr,Male,188.51.27.180
403,Kevyn,Uwins,kuwinsb6@hostgator.com,Female,58.60.150.108
404,Jeffry,Wrightam,jwrightamb7@multiply.com,Male,91.34.250.89
405,Goldarina,Hedon,ghedonb8@spotify.com,Female,110.13.153.54
406,Earl,Blanche,eblancheb9@rediff.com,Male,159.137.248.199
407,Petronella,Bertelsen,pbertelsenba@howstuffworks.com,Female,15.70.2.196
408,Homerus,Nann,hnannbb@opensource.org,Male,46.97.113.11
409,Robert,Kleinstub,rkleinstubbc@woothemes.com,Male,214.139.119.104
410,Adriano,Ronchetti,aronchettibd@jigsy.com,Male,57.121.187.188
411,Trescha,Rowles,trowlesbe@noaa.gov,Female,124.47.108.177
412,Mattias,Hulls,mhullsbf@plala.or.jp,Male,55.2.225.139
413,Olva,MacVicar,omacvicarbg@nsw.gov.au,Female,182.136.167.100
414,Juliana,De Blasio,jdeblasiobh@multiply.com,Female,152.230.244.113
415,Kailey,Dickerson,kdickersonbi@berkeley.edu,Female,177.175.144.112
416,Derwin,Broggini,dbrogginibj@merriam-webster.com,Male,225.25.179.220
417,Bryanty,McQuaide,bmcquaidebk@state.gov,Male,178.181.230.34
418,Tilly,Aingell,taingellbl@washingtonpost.com,Female,47.241.173.48
419,Mick,Scarsbrooke,mscarsbrookebm@lycos.com,Male,244.223.40.100
420,Loralie,Riddiough,lriddioughbn@1688.com,Female,99.129.144.248
421,Nettie,Iliff,niliffbo@histats.com,Female,182.5.199.197
422,Kirby,Franzonetti,kfranzonettibp@google.com.br,Male,41.210.172.3
423,Gardener,Morrill,gmorrillbq@constantcontact.com,Male,203.125.49.203
424,Sylas,Crockford,scrockfordbr@nbcnews.com,Male,128.37.92.104
425,Saundra,Tringham,stringhambs@phpbb.com,Female,91.221.255.213
426,Denney,Lumsdall,dlumsdallbt@miibeian.gov.cn,Male,161.190.61.112
427,Mario,Poppleston,mpopplestonbu@bloglovin.com,Male,2.94.197.136
428,Zack,Zamboniari,zzamboniaribv@nsw.gov.au,Male,178.148.26.121
429,Jessey,Ponceford,jponcefordbw@google.pl,Male,4.233.242.100
430,Nettie,Dorcey,ndorceybx@123-reg.co.uk,Female,74.152.211.96
431,Priscilla,Adame,padameby@cocolog-nifty.com,Female,20.211.68.13
432,Karee,Ragless,kraglessbz@g.co,Female,234.251.93.2
433,Faith,Wisdom,fwisdomc0@prnewswire.com,Female,228.59.12.243
434,Karee,Burnup,kburnupc1@marketwatch.com,Female,82.79.169.182
435,Stuart,Spawell,sspawellc2@bigcartel.com,Male,20.215.139.203
436,Nari,Scathard,nscathardc3@blogspot.com,Female,20.23.158.189
437,Wolfy,Letchmore,wletchmorec4@bbc.co.uk,Male,65.132.130.23
438,Friedrick,Alenin,faleninc5@ucsd.edu,Male,234.161.157.113
439,Bili,Livick,blivickc6@github.com,Female,140.166.61.92
440,Giacobo,Tucsell,gtucsellc7@technorati.com,Male,16.155.94.205
441,Emile,Bracchi,ebracchic8@bizjournals.com,Male,30.135.69.53
442,Ingeberg,O'Beirne,iobeirnec9@lycos.com,Female,93.92.116.121
443,Forbes,McInulty,fmcinultyca@biglobe.ne.jp,Male,245.59.105.137
444,Kayley,Gillis,kgilliscb@imageshack.us,Female,170.176.79.189
445,Doralynn,Penwright,dpenwrightcc@narod.ru,Female,228.249.61.223
446,Derrik,Handover,dhandovercd@digg.com,Male,11.172.88.130
447,Shandra,Maffione,smaffionece@google.fr,Female,191.21.228.114
448,Wallie,Blanko,wblankocf@ft.com,Male,208.95.217.0
449,Eugine,Prandy,eprandycg@weebly.com,Female,4.139.110.9
450,Hillyer,Stammler,hstammlerch@g.co,Male,213.21.0.55
451,Waneta,Kamall,wkamallci@quantcast.com,Female,126.175.79.52
452,Clayson,Koene,ckoenecj@xing.com,Male,135.43.237.163
453,Traver,Biever,tbieverck@soup.io,Male,62.116.91.34
454,Quinn,Thresh,qthreshcl@google.com,Male,143.213.244.169
455,Ursola,Bawme,ubawmecm@theatlantic.com,Female,49.134.76.18
456,Damian,Maginn,dmaginncn@macromedia.com,Male,65.64.246.128
457,Patrizio,Jacks,pjacksco@desdev.cn,Male,99.181.187.95
458,Stan,McKeating,smckeatingcp@skyrock.com,Male,28.4.165.107
459,Tobie,McKeag,tmckeagcq@surveymonkey.com,Male,91.207.13.108
460,Lincoln,Elsdon,lelsdoncr@alexa.com,Male,187.184.175.253
461,Lari,Anstis,lanstiscs@sciencedaily.com,Female,100.17.191.158
462,Silvanus,Youll,syoullct@fotki.com,Male,45.106.101.172
463,Rosie,Matthaus,rmatthauscu@dailymotion.com,Female,124.51.88.132
464,Sutton,Maddy,smaddycv@nps.gov,Male,115.161.222.247
465,Jeremie,Gomm,jgommcw@wordpress.org,Male,145.35.85.4
466,Bettye,Shorie,bshoriecx@symantec.com,Female,62.235.105.79
467,Connor,Barrabeale,cbarrabealecy@umn.edu,Male,70.144.175.123
468,Elwyn,Basden,ebasdencz@netlog.com,Male,105.11.12.239
469,Meggi,Muge,mmuged0@google.com.au,Female,185.164.220.221
470,Konstanze,Davidowich,kdavidowichd1@pagesperso-orange.fr,Female,142.254.220.70
471,Robena,Garnall,rgarnalld2@elpais.com,Female,250.79.139.94
472,Constantia,Ilchuk,cilchukd3@canalblog.com,Female,8.49.51.193
473,Barri,McCromley,bmccromleyd4@ed.gov,Male,145.233.53.174
474,Vilma,Hebron,vhebrond5@amazon.com,Female,54.35.86.92
475,Vince,Luetkemeyers,vluetkemeyersd6@xinhuanet.com,Male,185.68.194.233
476,Ethelin,Vipan,evipand7@cbsnews.com,Female,58.200.212.203
477,Darrell,Coyle,dcoyled8@discuz.net,Male,98.37.0.159
478,Eugine,Constantine,econstantined9@vistaprint.com,Female,79.123.17.73
479,Audra,McCullen,amccullenda@mail.ru,Female,145.105.183.210
480,Cortney,Haukey,chaukeydb@deliciousdays.com,Female,101.143.51.245
481,Conni,Hagyard,chagyarddc@cocolog-nifty.com,Female,121.91.202.155
482,Ginger,Gilliat,ggilliatdd@linkedin.com,Male,78.13.137.255
483,Cissy,Lilliman,clillimande@trellian.com,Female,77.56.9.173
484,Gae,O'Shields,goshieldsdf@youku.com,Female,252.103.216.74
485,Brantley,Pitrasso,bpitrassodg@chron.com,Male,221.80.232.161
486,Carmine,Saunper,csaunperdh@forbes.com,Female,38.74.18.230
487,Dario,Matiewe,dmatiewedi@squidoo.com,Male,114.242.168.51
488,Perl,Janusz,pjanuszdj@webnode.com,Female,204.88.90.185
489,Valry,Tassell,vtasselldk@aol.com,Female,58.225.219.114
490,Frayda,Ellor,fellordl@ox.ac.uk,Female,175.187.22.86
491,Daryle,McVitty,dmcvittydm@usa.gov,Male,109.86.101.241
492,Agnesse,Sawden,asawdendn@businessweek.com,Female,201.226.60.105
493,Omero,Bolland,obollanddo@ameblo.jp,Male,221.32.77.56
494,Bev,Harhoff,bharhoffdp@cdbaby.com,Male,161.92.4.85
495,Rubia,Rottger,rrottgerdq@reddit.com,Female,114.202.69.127
496,Lem,Ranahan,lranahandr@indiatimes.com,Male,226.85.2.201
497,Norby,Dodridge,ndodridgeds@yellowpages.com,Male,182.72.186.32
498,Ki,McCoveney,kmccoveneydt@csmonitor.com,Female,216.78.159.216
499,Bradly,Parkyns,bparkynsdu@shop-pro.jp,Male,111.185.47.138
500,Reeta,Emmison,remmisondv@smh.com.au,Female,68.146.51.214
501,Kingston,Disbury,kdisburydw@tuttocitta.it,Male,196.115.156.114
502,Rochester,Mattacks,rmattacksdx@facebook.com,Male,0.180.49.173
503,Petronia,Mc Corley,pmccorleydy@rakuten.co.jp,Female,42.220.129.210
504,Maryl,Sinden,msindendz@ycombinator.com,Female,147.221.49.166
505,Karlis,Booley,kbooleye0@lulu.com,Male,8.192.218.133
506,Roxy,Burgott,rburgotte1@feedburner.com,Female,39.33.0.71
507,Brook,Hoston,bhostone2@sbwire.com,Male,158.2.117.130
508,Faydra,Orhrt,forhrte3@devhub.com,Female,167.179.66.144
509,Karlotte,Earwaker,kearwakere4@accuweather.com,Female,111.96.16.211
510,Walker,D'Ambrosio,wdambrosioe5@vimeo.com,Male,159.232.64.90
511,Huey,Ryves,hryvese6@google.co.jp,Male,8.24.27.95
512,Wallie,McInerney,wmcinerneye7@plala.or.jp,Male,134.209.213.158
513,Renell,Radolf,rradolfe8@engadget.com,Female,18.47.86.219
514,Olivie,Jentin,ojentine9@discovery.com,Female,143.237.217.75
515,Ethelind,Abethell,eabethellea@who.int,Female,21.107.53.28
516,Averill,Brik,abrikeb@jigsy.com,Male,76.243.12.179
517,Charmane,Minillo,cminilloec@state.gov,Female,215.252.129.176
518,Doralin,Merrien,dmerriened@epa.gov,Female,172.172.206.198
519,Rusty,Slorance,rsloranceee@stumbleupon.com,Male,170.6.194.47
520,Jacinda,Morey,jmoreyef@drupal.org,Female,232.5.196.3
521,Nickola,Joul,njouleg@engadget.com,Male,152.175.2.152
522,Forster,Walcher,fwalchereh@tinypic.com,Male,53.57.78.5
523,Lorrie,Francesch,lfranceschei@live.com,Female,254.137.87.76
524,Rosanne,Phant,rphantej@behance.net,Female,246.150.164.30
525,Cristionna,Eymer,ceymerek@msn.com,Female,249.103.122.97
526,Eveline,Matthew,ematthewel@ameblo.jp,Female,213.68.92.84
527,Berenice,Molfino,bmolfinoem@ed.gov,Female,75.82.155.13
528,Dianna,Dreinan,ddreinanen@hp.com,Female,106.204.33.158
529,Lulu,Bibey,lbibeyeo@scientificamerican.com,Female,139.144.125.19
530,Eloise,Peckitt,epeckittep@whitehouse.gov,Female,17.22.98.66
531,Mallissa,Gager,mgagereq@gnu.org,Female,2.203.164.223
532,Mathilda,Dunlop,mdunloper@jiathis.com,Female,253.67.125.103
533,Elnora,Schober,eschoberes@economist.com,Female,199.146.79.13
534,Lyda,Newnham,lnewnhamet@51.la,Female,166.239.143.55
535,Aldridge,Goldster,agoldstereu@ca.gov,Male,108.136.137.239
536,Olympia,Mingardi,omingardiev@washington.edu,Female,196.118.118.18
537,Lothario,Dillingstone,ldillingstoneew@sourceforge.net,Male,67.10.95.128
538,Camila,Keepe,ckeepeex@comcast.net,Female,145.117.21.225
539,Pepito,Sambell,psambelley@sun.com,Male,109.61.181.224
540,Chloette,Jovicevic,cjovicevicez@xing.com,Female,147.57.91.214
541,Weylin,Whatmough,wwhatmoughf0@sogou.com,Male,3.195.106.32
542,Tammy,Le Quesne,tlequesnef1@scribd.com,Female,123.108.138.174
543,Arny,Coley,acoleyf2@livejournal.com,Male,250.53.190.109
544,Julita,Sidden,jsiddenf3@pagesperso-orange.fr,Female,106.251.193.67
545,Brandon,Vreiberg,bvreibergf4@ask.com,Male,204.5.78.62
546,Frayda,Rich,frichf5@reuters.com,Female,158.53.51.37
547,Dottie,Toombes,dtoombesf6@google.de,Female,196.178.46.63
548,Drusy,Mc Elory,dmceloryf7@sitemeter.com,Female,125.167.16.250
549,Reid,Matthews,rmatthewsf8@archive.org,Male,240.172.72.253
550,Brucie,Lomax,blomaxf9@g.co,Male,86.23.157.81
551,Emlen,Warrilow,ewarrilowfa@uol.com.br,Male,77.252.220.3
552,Hardy,Leipoldt,hleipoldtfb@live.com,Male,224.127.128.204
553,Shane,Hellwing,shellwingfc@jiathis.com,Male,205.177.81.177
554,Alvis,Dunbobbin,adunbobbinfd@furl.net,Male,233.171.200.39
555,Janelle,Raubenheim,jraubenheimfe@washingtonpost.com,Female,138.210.168.66
556,Lamar,Collop,lcollopff@tinyurl.com,Male,99.200.54.101
557,Inness,Eastman,ieastmanfg@biblegateway.com,Male,200.14.250.46
558,Melisent,Garrique,mgarriquefh@exblog.jp,Female,211.47.249.53
559,Cchaddie,Belf,cbelffi@wufoo.com,Male,172.81.229.78
560,Kellsie,Pomphrett,kpomphrettfj@360.cn,Female,74.117.205.255
561,Hilton,Sinncock,hsinncockfk@wordpress.org,Male,1.129.148.25
562,Katheryn,Pele,kpelefl@free.fr,Female,128.10.212.31
563,Irving,Paulmann,ipaulmannfm@uol.com.br,Male,153.92.172.196
564,Tripp,Lackey,tlackeyfn@princeton.edu,Male,71.48.209.160
565,Denis,Colledge,dcolledgefo@1und1.de,Male,10.33.3.151
566,Weider,Bowlesworth,wbowlesworthfp@spiegel.de,Male,109.251.209.83
567,Cleo,Jakeway,cjakewayfq@dedecms.com,Female,225.5.44.176
568,Donny,O' Clovan,doclovanfr@last.fm,Female,199.160.207.78
569,Matt,Santino,msantinofs@shareasale.com,Male,28.78.1.147
570,Shane,Jeffree,sjeffreeft@theglobeandmail.com,Male,12.45.196.53
571,Gaspar,Hamer,ghamerfu@macromedia.com,Male,39.153.197.40
572,Charisse,Buckam,cbuckamfv@webnode.com,Female,27.122.157.44
573,Mirelle,Nortunen,mnortunenfw@shinystat.com,Female,112.121.19.119
574,Kellsie,Dockery,kdockeryfx@ted.com,Female,231.167.167.196
575,Sella,Patron,spatronfy@ftc.gov,Female,204.82.166.170
576,Waylen,Reucastle,wreucastlefz@tamu.edu,Male,165.195.105.138
577,Karena,Hubball,khubballg0@cornell.edu,Female,193.241.132.226
578,Rowen,Lillecrop,rlillecropg1@symantec.com,Male,225.101.53.3
579,Erich,Dorracott,edorracottg2@wunderground.com,Male,176.250.143.72
580,Forster,Bottoner,fbottonerg3@telegraph.co.uk,Male,79.118.189.44
581,Gaspar,O'Devey,godeveyg4@google.nl,Male,53.254.160.135
582,Chickie,Eckery,ceckeryg5@github.com,Male,99.216.49.81
583,Cindy,Cubbon,ccubbong6@angelfire.com,Female,139.51.196.202
584,Ofella,Izakof,oizakofg7@behance.net,Female,43.198.255.7
585,Christen,Python,cpythong8@engadget.com,Female,248.81.156.115
586,Manolo,Gosker,mgoskerg9@marriott.com,Male,167.49.95.179
587,Saba,MacCarlich,smaccarlichga@dmoz.org,Female,84.235.59.184
588,Jacquenetta,Wadesworth,jwadesworthgb@exblog.jp,Female,247.90.206.18
589,Aloysius,Webby,awebbygc@tripod.com,Male,254.173.77.101
590,Kenton,Miner,kminergd@topsy.com,Male,48.134.135.29
591,Gregg,McCuaig,gmccuaigge@g.co,Male,120.222.184.210
592,Ruddie,Sizeland,rsizelandgf@icio.us,Male,21.76.229.188
593,Kristofer,Dreamer,kdreamergg@odnoklassniki.ru,Male,142.102.230.163
594,Kerwin,Lago,klagogh@walmart.com,Male,203.116.73.55
595,Karlotta,Tuckwell,ktuckwellgi@xrea.com,Female,161.215.194.59
596,Godfry,Drache,gdrachegj@vinaora.com,Male,220.189.225.94
597,Brier,Burnip,bburnipgk@github.io,Female,58.179.120.58
598,Dorian,Houten,dhoutengl@hexun.com,Male,179.112.80.41
599,Maynard,Brandon,mbrandongm@indiegogo.com,Male,45.54.93.71
600,Mahmoud,Eslie,mesliegn@loc.gov,Male,228.217.67.236
601,Leonerd,Moles,lmolesgo@discovery.com,Male,224.180.106.224
602,Carey,Dillinton,cdillintongp@apache.org,Female,199.67.127.161
603,Junie,Cuttles,jcuttlesgq@phoca.cz,Female,93.156.236.232
604,Sully,Gerleit,sgerleitgr@goo.ne.jp,Male,70.219.23.147
605,Keefer,Coppens,kcoppensgs@constantcontact.com,Male,13.133.41.247
606,Yasmin,Vasyutin,yvasyutingt@marriott.com,Female,238.25.160.35
607,Sherwynd,Charge,schargegu@sitemeter.com,Male,194.134.2.20
608,Jori,Creech,jcreechgv@live.com,Female,88.245.230.213
609,Bonita,Frankiss,bfrankissgw@google.es,Female,245.248.113.151
610,Shawn,McAdam,smcadamgx@youtube.com,Male,177.41.155.13
611,Roy,Seagrave,rseagravegy@rakuten.co.jp,Male,188.21.20.143
612,Zaria,Buffey,zbuffeygz@answers.com,Female,154.185.65.28
613,Carlin,Edis,cedish0@hhs.gov,Male,199.181.218.7
614,Valentino,Ferie,vferieh1@dion.ne.jp,Male,144.210.166.39
615,Shantee,Blennerhassett,sblennerhassetth2@shutterfly.com,Female,92.132.14.23
616,Laurette,Swainsbury,lswainsburyh3@parallels.com,Female,15.147.136.128
617,Damiano,D'Adamo,ddadamoh4@imdb.com,Male,132.27.147.106
618,Cirilo,Dalwood,cdalwoodh5@mozilla.com,Male,164.31.248.172
619,Iver,Gewer,igewerh6@bigcartel.com,Male,198.157.71.141
620,Ernie,Sedgebeer,esedgebeerh7@seesaa.net,Male,83.45.220.254
621,Dynah,Moreinu,dmoreinuh8@bbb.org,Female,61.229.117.12
622,Doralia,Karchewski,dkarchewskih9@va.gov,Female,69.54.35.75
623,Gloriane,Kenderdine,gkenderdineha@indiatimes.com,Female,183.23.254.180
624,Jerrome,Trusler,jtruslerhb@nsw.gov.au,Male,76.204.38.20
625,Martguerita,Chomicki,mchomickihc@sbwire.com,Female,17.77.78.121
626,Fanny,Brosoli,fbrosolihd@cbc.ca,Female,152.235.21.104
627,Elsa,Youings,eyouingshe@bloglovin.com,Female,115.103.38.240
628,Nani,Benmore,nbenmorehf@geocities.jp,Female,32.251.92.251
629,Rutter,Greyes,rgreyeshg@sohu.com,Male,101.46.215.162
630,Kirby,Stanwix,kstanwixhh@amazon.com,Male,248.64.127.43
631,Jeri,McKeveney,jmckeveneyhi@google.com,Female,58.16.121.124
632,Allyson,Woan,awoanhj@tuttocitta.it,Female,215.190.151.146
633,Lewiss,Tzarkov,ltzarkovhk@microsoft.com,Male,108.112.157.145
634,Tan,Normavill,tnormavillhl@webmd.com,Male,208.178.123.155
635,Billie,Mc Harg,bmcharghm@irs.gov,Male,3.116.197.127
636,Cecily,Grocott,cgrocotthn@home.pl,Female,193.211.139.234
637,Rorke,Rosewell,rrosewellho@techcrunch.com,Male,52.7.153.95
638,Yorgo,Schooley,yschooleyhp@over-blog.com,Male,43.49.245.191
639,Dorothy,Matteo,dmatteohq@dagondesign.com,Female,162.218.7.191
640,Barbe,Kinney,bkinneyhr@boston.com,Female,213.12.99.68
641,Candi,Kepling,ckeplinghs@nyu.edu,Female,47.7.153.96
642,Pat,Raikes,praikesht@webnode.com,Female,37.78.74.7
643,Jarib,Craister,jcraisterhu@digg.com,Male,165.147.36.255
644,Hugo,Cockran,hcockranhv@nhs.uk,Male,146.111.181.219
645,Birk,Bairstow,bbairstowhw@sitemeter.com,Male,88.33.207.104
646,Doro,McCrystal,dmccrystalhx@illinois.edu,Female,83.156.193.49
647,Cristen,Selkirk,cselkirkhy@cdc.gov,Female,230.177.162.251
648,Beverlee,Digle,bdiglehz@sitemeter.com,Female,14.238.30.246
649,Ker,Joannic,kjoannici0@diigo.com,Male,197.59.130.67
650,Suzanne,Brito,sbritoi1@constantcontact.com,Female,180.241.2.81
651,Alano,Wooding,awoodingi2@intel.com,Male,74.87.73.193
652,Mathilda,Metts,mmettsi3@spotify.com,Female,85.21.150.197
653,Josi,Stanley,jstanleyi4@narod.ru,Female,217.25.100.236
654,Winna,Gauford,wgaufordi5@reverbnation.com,Female,80.139.220.93
655,Tisha,Plaskitt,tplaskitti6@ucla.edu,Female,30.187.143.21
656,Birk,Jouhning,bjouhningi7@fastcompany.com,Male,68.135.232.47
657,Cristobal,Hinge,chingei8@narod.ru,Male,156.147.120.3
658,Zak,Peniello,zpenielloi9@cnn.com,Male,31.56.177.212
659,Reinhold,Gollop,rgollopia@ibm.com,Male,54.23.243.230
660,Gilemette,Elloway,gellowayib@symantec.com,Female,165.90.205.132
661,Shandeigh,Trusler,strusleric@ftc.gov,Female,167.210.3.200
662,Rodrick,Juniper,rjuniperid@admin.ch,Male,30.0.253.45
663,Giacinta,Almond,galmondie@reddit.com,Female,181.33.40.47
664,Vyky,Ricardou,vricardouif@gnu.org,Female,124.236.94.240
665,Layton,Bril,lbrilig@bandcamp.com,Male,60.59.210.33
666,Evvy,Winstanley,ewinstanleyih@hud.gov,Female,235.223.11.125
667,Farrah,Huggan,fhugganii@liveinternet.ru,Female,233.222.111.207
668,Terri,Corinton,tcorintonij@aol.com,Male,209.166.3.137
669,Ashby,Dudlestone,adudlestoneik@addthis.com,Male,181.238.49.112
670,Christa,Schutze,cschutzeil@alibaba.com,Female,127.114.178.243
671,Ernaline,Malbon,emalbonim@simplemachines.org,Female,46.169.14.162
672,Matteo,Van Oort,mvanoortin@washingtonpost.com,Male,160.182.49.14
673,Mickey,McGarva,mmcgarvaio@bing.com,Male,163.85.165.179
674,Felice,Gransden,fgransdenip@java.com,Female,44.14.62.30
675,Vinnie,Todhunter,vtodhunteriq@infoseek.co.jp,Male,40.251.227.154
676,Aylmer,Moreton,amoretonir@rediff.com,Male,194.157.201.78
677,Giffie,Sommerly,gsommerlyis@theguardian.com,Male,12.65.122.202
678,Janna,Cowdroy,jcowdroyit@mediafire.com,Female,202.225.26.206
679,Lurline,Bampford,lbampfordiu@earthlink.net,Female,2.253.236.215
680,Jackie,Larcombe,jlarcombeiv@cpanel.net,Male,194.122.11.189
681,Boycie,Garza,bgarzaiw@github.io,Male,138.215.154.97
682,Adena,Flament,aflamentix@multiply.com,Female,219.69.202.190
683,Aurore,Aslin,aasliniy@tamu.edu,Female,81.255.43.79
684,Celle,Akhurst,cakhurstiz@house.gov,Female,156.122.47.233
685,Francene,Meatyard,fmeatyardj0@list-manage.com,Female,51.33.108.73
686,Daffie,Human,dhumanj1@google.ca,Female,232.91.181.169
687,Bili,Gammons,bgammonsj2@themeforest.net,Female,116.227.44.206
688,Peggy,Tissiman,ptissimanj3@360.cn,Female,38.14.241.182
689,Eliot,Bradder,ebradderj4@cisco.com,Male,113.3.76.40
690,Ugo,Lademann,ulademannj5@e-recht24.de,Male,214.39.109.171
691,Hilde,Gionettitti,hgionettittij6@studiopress.com,Female,196.232.146.124
692,Aloisia,Jotcham,ajotchamj7@ovh.net,Female,109.207.14.169
693,Cherilynn,Couttes,ccouttesj8@yahoo.co.jp,Female,110.193.128.121
694,Chauncey,Bonnick,cbonnickj9@amazon.de,Male,46.9.67.33
695,Nigel,Klimkov,nklimkovja@epa.gov,Male,203.171.195.6
696,Humphrey,Jeacocke,hjeacockejb@amazon.de,Male,29.59.5.199
697,Chastity,Maddison,cmaddisonjc@cisco.com,Female,107.114.5.250
698,Jermain,Cullum,jcullumjd@nature.com,Male,50.54.159.106
699,Trueman,Van Arsdale,tvanarsdaleje@admin.ch,Male,118.137.249.105
700,Sheena,Hannaby,shannabyjf@usda.gov,Female,204.117.203.25
701,Waldon,Fanthome,wfanthomejg@google.ru,Male,68.59.215.66
702,Theo,Jouaneton,tjouanetonjh@go.com,Female,234.177.138.162
703,Rorke,Gorce,rgorceji@bizjournals.com,Male,65.30.6.118
704,Bernard,Noice,bnoicejj@whitehouse.gov,Male,140.18.148.186
705,Mozes,Sancto,msanctojk@etsy.com,Male,225.144.177.125
706,Jesus,Hovard,jhovardjl@dyndns.org,Male,3.64.76.216
707,Maggie,Bonallick,mbonallickjm@google.com.br,Female,245.42.135.130
708,Codie,Varrow,cvarrowjn@wsj.com,Male,148.77.153.229
709,Morgen,Yaus,myausjo@latimes.com,Female,146.165.58.11
710,Ruperto,Gersam,rgersamjp@fotki.com,Male,229.142.82.145
711,Bernard,Hansard,bhansardjq@xing.com,Male,148.207.211.151
712,Urbano,Allerton,uallertonjr@google.com.au,Male,44.218.155.168
713,Ulick,Keepe,ukeepejs@google.co.jp,Male,6.151.52.224
714,Jewelle,Dryden,jdrydenjt@goodreads.com,Female,96.234.140.87
715,Felicio,Dudman,fdudmanju@bloglines.com,Male,242.109.74.2
716,Mortie,Skunes,mskunesjv@booking.com,Male,123.32.103.130
717,Guss,Ayars,gayarsjw@nifty.com,Male,149.23.135.216
718,Finley,Collet,fcolletjx@drupal.org,Male,165.209.226.89
719,Fin,Rozea,frozeajy@scribd.com,Male,152.122.88.32
720,Billy,Pflieger,bpfliegerjz@slideshare.net,Female,132.220.240.47
721,Margeaux,Boig,mboigk0@loc.gov,Female,99.106.159.93
722,Skip,Tillerton,stillertonk1@altervista.org,Male,214.130.225.87
723,Florie,Brahm,fbrahmk2@nps.gov,Female,151.245.148.217
724,Lovell,Ryce,lrycek3@vinaora.com,Male,22.245.123.244
725,Wain,Rickertsen,wrickertsenk4@stanford.edu,Male,238.154.98.47
726,Branden,Hattoe,bhattoek5@bbb.org,Male,5.69.240.122
727,Sauveur,Bette,sbettek6@theguardian.com,Male,110.78.161.131
728,Gibbie,Culham,gculhamk7@bravesites.com,Male,175.203.61.229
729,Ram,Hethron,rhethronk8@netvibes.com,Male,106.119.75.96
730,Tye,Stovold,tstovoldk9@thetimes.co.uk,Male,229.156.168.80
731,Zuzana,Stienton,zstientonka@woothemes.com,Female,72.79.10.27
732,Benyamin,Sidebotham,bsidebothamkb@xinhuanet.com,Male,222.11.132.236
733,Eryn,Mowles,emowleskc@uiuc.edu,Female,192.167.229.109
734,Ardelia,McCorrie,amccorriekd@cafepress.com,Female,138.49.85.64
735,Claudio,Guisler,cguislerke@google.it,Male,203.61.94.89
736,Saunders,Kibbe,skibbekf@addtoany.com,Male,123.134.39.87
737,Doti,Lord,dlordkg@xrea.com,Female,101.129.100.254
738,Timothee,Brampton,tbramptonkh@timesonline.co.uk,Male,145.44.41.73
739,Heindrick,Grenkov,hgrenkovki@samsung.com,Male,168.116.171.127
740,Farley,Kondratyuk,fkondratyukkj@netlog.com,Male,111.165.19.36
741,Eliot,Hardey,ehardeykk@netscape.com,Male,184.242.108.141
742,Hakim,Oldaker,holdakerkl@taobao.com,Male,167.108.236.193
743,Malena,Ladson,mladsonkm@usnews.com,Female,18.148.87.246
744,Belia,Trowel,btrowelkn@exblog.jp,Female,112.216.206.126
745,Abigael,Macvey,amacveyko@engadget.com,Female,222.152.70.222
746,Margarita,Giral,mgiralkp@opera.com,Female,111.84.60.236
747,Estevan,Palke,epalkekq@google.de,Male,237.75.218.205
748,Jodie,Edmundson,jedmundsonkr@latimes.com,Female,238.191.67.233
749,Cammie,Willmetts,cwillmettsks@elpais.com,Female,194.80.92.75
750,Alfy,Losel,aloselkt@flavors.me,Male,170.185.60.208
751,Cati,Gurys,cgurysku@prlog.org,Female,8.46.64.158
752,Isa,Lambourne,ilambournekv@businessinsider.com,Female,22.7.133.0
753,Hugo,Hessentaler,hhessentalerkw@narod.ru,Male,117.207.171.50
754,Esdras,Colcomb,ecolcombkx@privacy.gov.au,Male,11.14.11.3
755,Naomi,Atack,natackky@sourceforge.net,Female,117.214.68.55
756,Lauren,Muzzullo,lmuzzullokz@xinhuanet.com,Male,94.13.221.68
757,Krisha,Gopsill,kgopsilll0@ft.com,Male,190.65.253.192
758,Towney,Dedham,tdedhaml1@yelp.com,Male,184.135.169.195
759,Doug,Keoghan,dkeoghanl2@creativecommons.org,Male,184.33.85.130
760,Rey,Kase,rkasel3@quantcast.com,Male,189.61.223.114
761,Jedd,Bamell,jbamelll4@blogger.com,Male,254.2.119.81
762,Debby,Baylie,dbayliel5@google.cn,Female,174.230.176.228
763,Selina,Tarbard,starbardl6@constantcontact.com,Female,229.124.68.110
764,Evangelia,Meah,emeahl7@sciencedirect.com,Female,150.51.231.161
765,Dehlia,Mathan,dmathanl8@mashable.com,Female,100.95.190.161
766,Kaye,Chilton,kchiltonl9@ucsd.edu,Female,152.74.146.215
767,Michel,Braunthal,mbraunthalla@fc2.com,Female,16.73.1.18
768,Currie,Cheesman,ccheesmanlb@squarespace.com,Male,216.18.143.19
769,Zelig,Jerisch,zjerischlc@squarespace.com,Male,126.126.222.11
770,Isa,Kupker,ikupkerld@nsw.gov.au,Male,150.38.104.194
771,Arv,Cay,acayle@squidoo.com,Male,36.16.156.58
772,Reinaldos,Fulford,rfulfordlf@umn.edu,Male,246.106.154.81
773,Josiah,Kemster,jkemsterlg@infoseek.co.jp,Male,64.114.54.197
774,Luigi,Lawtey,llawteylh@nationalgeographic.com,Male,95.94.178.207
775,Janeva,Rihanek,jrihanekli@pen.io,Female,213.195.118.210
776,Tally,Le Hucquet,tlehucquetlj@goo.ne.jp,Male,187.122.29.161
777,Wald,Wickliffe,wwickliffelk@goodreads.com,Male,72.209.92.29
778,Jimmy,Szymonowicz,jszymonowiczll@github.com,Male,129.123.16.123
779,Danya,Brumpton,dbrumptonlm@dmoz.org,Male,205.2.218.176
780,Tynan,Empson,tempsonln@eventbrite.com,Male,49.14.209.20
781,Filbert,Harfleet,fharfleetlo@army.mil,Male,124.97.51.198
782,Del,Mazonowicz,dmazonowiczlp@pbs.org,Male,190.100.35.185
783,Rhetta,Presdie,rpresdielq@cnet.com,Female,110.54.118.95
784,Moreen,Pardue,mparduelr@upenn.edu,Female,153.186.60.31
785,Ardella,Caudle,acaudlels@surveymonkey.com,Female,148.109.118.135
786,Morse,Petracchi,mpetracchilt@instagram.com,Male,45.175.71.183
787,Sapphire,Grabert,sgrabertlu@sciencedirect.com,Female,27.229.72.128
788,Liv,Bernath,lbernathlv@etsy.com,Female,177.82.5.119
789,Gun,Ratlee,gratleelw@sphinn.com,Male,23.161.113.118
790,Raleigh,Espadas,respadaslx@simplemachines.org,Male,159.184.82.229
791,Giusto,Kinvig,gkinvigly@nba.com,Male,84.25.65.228
792,Honey,Minchenton,hminchentonlz@hud.gov,Female,84.221.146.46
793,Elly,Battill,ebattillm0@youtube.com,Female,57.221.74.1
794,Harriett,O' Meara,homearam1@microsoft.com,Female,75.16.219.217
795,Luce,Ledgeway,lledgewaym2@twitter.com,Male,210.14.228.12
796,Tallou,Goodbairn,tgoodbairnm3@state.tx.us,Female,16.248.48.73
797,Opal,Lemary,olemarym4@bluehost.com,Female,38.98.219.156
798,Justus,Harback,jharbackm5@joomla.org,Male,155.247.74.150
799,Tallulah,Bydaway,tbydawaym6@dagondesign.com,Female,139.181.151.134
800,Shelli,Inger,singerm7@washingtonpost.com,Female,50.149.173.194
801,Brittan,Rapps,brappsm8@washington.edu,Female,124.201.87.194
802,Dane,Ohlsen,dohlsenm9@diigo.com,Male,172.173.168.113
803,Archie,Waddie,awaddiema@amazon.de,Male,36.42.5.227
804,Zena,Ritelli,zritellimb@mayoclinic.com,Female,252.177.40.107
805,Errol,Bettinson,ebettinsonmc@europa.eu,Male,23.175.242.194
806,Tamas,Waddams,twaddamsmd@google.it,Male,27.177.78.225
807,Fred,Wherrit,fwherritme@google.com.hk,Male,16.96.149.88
808,Bertrando,Roscamp,broscampmf@blinklist.com,Male,226.219.239.203
809,Anselm,Bollon,abollonmg@fc2.com,Male,100.42.72.209
810,Germayne,Cawt,gcawtmh@abc.net.au,Male,233.57.4.130
811,Chance,Coupar,ccouparmi@ucsd.edu,Male,88.44.222.176
812,Merv,Sinisbury,msinisburymj@zdnet.com,Male,196.196.138.236
813,Vasili,Bagnall,vbagnallmk@wunderground.com,Male,132.51.48.239
814,Osbourne,Playdon,oplaydonml@phoca.cz,Male,137.184.25.230
815,Jennette,Dignall,jdignallmm@addthis.com,Female,162.246.51.120
816,Webb,Booi,wbooimn@nhs.uk,Male,45.179.218.245
817,Gilemette,Dumbelton,gdumbeltonmo@bloomberg.com,Female,113.196.97.110
818,Phil,McClure,pmccluremp@dmoz.org,Female,145.60.35.11
819,Jere,Tryme,jtrymemq@com.com,Female,130.155.147.140
820,Hugh,Jedrzej,hjedrzejmr@technorati.com,Male,91.93.69.251
821,Sullivan,Smitheman,ssmithemanms@ucsd.edu,Male,28.49.59.182
822,Norton,Pearde,npeardemt@constantcontact.com,Male,212.226.37.174
823,Car,Casol,ccasolmu@mail.ru,Male,154.16.27.227
824,Lorianne,Bazelle,lbazellemv@yahoo.co.jp,Female,179.46.111.78
825,Reagen,Squelch,rsquelchmw@gnu.org,Male,209.233.239.172
826,Layla,Ratnage,lratnagemx@fastcompany.com,Female,96.15.204.78
827,Irma,Pridie,ipridiemy@ihg.com,Female,163.254.146.160
828,Arthur,Arnholz,aarnholzmz@japanpost.jp,Male,186.13.20.189
829,Maximo,Woofenden,mwoofendenn0@blogtalkradio.com,Male,60.223.78.187
830,Ferdie,MacShane,fmacshanen1@so-net.ne.jp,Male,213.167.162.45
831,Abagail,Stubley,astubleyn2@mashable.com,Female,1.3.111.69
832,Betteann,Whittlesea,bwhittlesean3@engadget.com,Female,5.65.50.5
833,Matthus,Derwin,mderwinn4@gov.uk,Male,144.148.117.21
834,Delores,Chotty,dchottyn5@ameblo.jp,Female,101.63.20.116
835,Ursuline,Stockman,ustockmann6@privacy.gov.au,Female,30.37.46.220
836,Mariska,De Vries,mdevriesn7@dagondesign.com,Female,187.1.8.233
837,Augusto,Surfleet,asurfleetn8@sciencedaily.com,Male,50.59.234.209
838,Merola,Veelers,mveelersn9@tuttocitta.it,Female,20.184.193.9
839,Clara,Bresland,cbreslandna@foxnews.com,Female,71.215.111.211
840,Beau,McAlarney,bmcalarneynb@studiopress.com,Male,138.141.57.3
841,Bobbie,Caughte,bcaughtenc@woothemes.com,Female,52.202.132.12
842,Jenelle,Fosken,jfoskennd@360.cn,Female,203.77.161.240
843,Elden,Matterface,ematterfacene@mit.edu,Male,88.104.104.36
844,Tarra,Bech,tbechnf@tripod.com,Female,74.70.151.75
845,Trudey,Blore,tbloreng@github.io,Female,65.4.8.173
846,Laurent,Dosdell,ldosdellnh@sciencedirect.com,Male,123.169.229.149
847,Conan,Bramwich,cbramwichni@patch.com,Male,196.97.20.219
848,William,Jakov,wjakovnj@ox.ac.uk,Male,140.181.16.84
849,Clemente,Shawel,cshawelnk@theguardian.com,Male,223.77.179.230
850,Waring,Haydn,whaydnnl@cafepress.com,Male,69.80.177.31
851,Hayes,Gillogley,hgillogleynm@yelp.com,Male,26.215.98.236
852,Kippie,Matuszkiewicz,kmatuszkiewicznn@nps.gov,Male,101.149.21.251
853,Jessamyn,Pude,jpudeno@nyu.edu,Female,41.184.215.254
854,Damiano,Whitnall,dwhitnallnp@godaddy.com,Male,46.206.122.89
855,Sheryl,Burgill,sburgillnq@washingtonpost.com,Female,84.142.242.231
856,Darbee,Tax,dtaxnr@phpbb.com,Male,196.35.44.81
857,Wandie,Grouvel,wgrouvelns@gmpg.org,Female,169.39.103.80
858,Hieronymus,O'Hogertie,hohogertient@google.fr,Male,80.157.236.156
859,Stepha,Skupinski,sskupinskinu@wikispaces.com,Female,197.19.18.91
860,Trace,Brickdale,tbrickdalenv@cargocollective.com,Male,51.115.189.232
861,Elwyn,Probetts,eprobettsnw@ft.com,Male,152.50.139.126
862,Seka,Claque,sclaquenx@alexa.com,Female,48.219.127.5
863,Lin,O'Daly,lodalyny@merriam-webster.com,Male,204.116.239.159
864,Donielle,Braham,dbrahamnz@twitpic.com,Female,108.101.222.207
865,Sadie,De Giovanni,sdegiovannio0@zdnet.com,Female,80.33.254.19
866,Gene,Engelmann,gengelmanno1@elpais.com,Male,84.77.107.136
867,Regen,Cicchetto,rcicchettoo2@lycos.com,Male,130.89.229.109
868,Kerry,Stollsteimer,kstollsteimero3@123-reg.co.uk,Female,94.2.61.112
869,Kelci,Vasyutichev,kvasyutichevo4@dmoz.org,Female,172.224.159.155
870,Jermayne,Pauls,jpaulso5@discovery.com,Male,189.212.68.48
871,Erik,Baggally,ebaggallyo6@slideshare.net,Male,44.244.43.44
872,Corny,Fraschetti,cfraschettio7@shutterfly.com,Male,161.86.216.101
873,Gavin,Matzeitis,gmatzeitiso8@issuu.com,Male,123.48.9.231
874,Fidel,Ramos,framoso9@acquirethisname.com,Male,119.6.158.194
875,Brigg,Baitman,bbaitmanoa@blogspot.com,Male,64.196.237.194
876,Marcellina,Broomhall,mbroomhallob@1688.com,Female,23.76.5.97
877,Jocelyn,Tomkiss,jtomkissoc@diigo.com,Female,14.108.20.102
878,Elenore,Keelan,ekeelanod@ucla.edu,Female,89.140.135.87
879,Creight,Janca,cjancaoe@php.net,Male,136.197.50.163
880,Ganny,Farncombe,gfarncombeof@spotify.com,Male,236.73.139.142
881,Nollie,Busk,nbuskog@last.fm,Female,135.203.85.42
882,Elinor,Iozefovich,eiozefovichoh@elpais.com,Female,237.180.191.81
883,Carol-jean,Lowthorpe,clowthorpeoi@histats.com,Female,127.117.130.69
884,Barnie,Kroll,bkrolloj@over-blog.com,Male,207.114.3.19
885,Nata,Kennermann,nkennermannok@nbcnews.com,Female,10.182.11.101
886,Tucky,Alliott,talliottol@intel.com,Male,215.193.170.240
887,Gray,Beentjes,gbeentjesom@goo.gl,Male,228.137.111.13
888,Sean,Kenefick,skenefickon@fc2.com,Male,216.35.236.180
889,Easter,Dahlback,edahlbackoo@europa.eu,Female,98.155.167.6
890,Victoria,Frape,vfrapeop@engadget.com,Female,167.115.96.221
891,Janean,Akess,jakessoq@nhs.uk,Female,167.150.163.0
892,Wenona,Holcroft,wholcroftor@posterous.com,Female,162.181.236.244
893,Agnesse,Chicken,achickenos@reference.com,Female,117.203.93.197
894,Jammie,Copo,jcopoot@phpbb.com,Female,99.176.158.5
895,Frederica,Laroux,flarouxou@yandex.ru,Female,51.228.19.165
896,Quinn,Lambregts,qlambregtsov@census.gov,Female,50.14.141.204
897,Charisse,Lorens,clorensow@newsvine.com,Female,111.105.149.17
898,Fianna,Olech,folechox@hp.com,Female,78.248.118.200
899,Farlay,Jeakins,fjeakinsoy@pen.io,Male,247.187.40.126
900,Dory,Lemanu,dlemanuoz@state.gov,Female,240.33.166.112
901,Bette-ann,Kennham,bkennhamp0@usda.gov,Female,133.59.102.0
902,Analiese,Deabill,adeabillp1@tripod.com,Female,159.211.250.184
903,Homere,Allott,hallottp2@cam.ac.uk,Male,133.179.141.61
904,Herve,Proby,hprobyp3@arizona.edu,Male,220.204.197.52
905,Amble,Mityakov,amityakovp4@usa.gov,Male,233.22.92.49
906,Astra,Casale,acasalep5@pen.io,Female,239.163.239.74
907,Anthia,Gieraths,agierathsp6@nifty.com,Female,95.25.128.129
908,Natalina,Foye,nfoyep7@forbes.com,Female,156.100.159.222
909,Dougie,Asling,daslingp8@goodreads.com,Male,84.166.120.148
910,Rusty,Gilcriest,rgilcriestp9@earthlink.net,Male,189.232.201.53
911,Rafi,Fieldhouse,rfieldhousepa@lycos.com,Male,46.171.23.145
912,Hymie,Kelberer,hkelbererpb@creativecommons.org,Male,43.194.236.238
913,Jakob,Ivashev,jivashevpc@omniture.com,Male,43.158.87.105
914,Farrel,Arndt,farndtpd@dagondesign.com,Male,84.72.212.188
915,Donny,Corbert,dcorbertpe@123-reg.co.uk,Female,218.76.195.150
916,Barnard,Bonsey,bbonseypf@lycos.com,Male,218.169.79.30
917,Way,Stiegars,wstiegarspg@mayoclinic.com,Male,173.75.3.139
918,Gabriele,McConnell,gmcconnellph@archive.org,Male,198.115.136.1
919,Umberto,Blakeney,ublakeneypi@utexas.edu,Male,133.198.77.175
920,Margarita,Alywen,malywenpj@lycos.com,Female,147.234.40.75
921,Eward,Mocker,emockerpk@eepurl.com,Male,255.198.88.252
922,Zacharias,Haveline,zhavelinepl@marriott.com,Male,188.172.215.64
923,Jodee,Vannacci,jvannaccipm@t-online.de,Female,251.199.48.92
924,Torrin,Dwine,tdwinepn@google.co.uk,Male,246.70.110.79
925,Shelley,Gurnay,sgurnaypo@tripod.com,Female,210.242.30.31
926,Ynes,Spuner,yspunerpp@salon.com,Female,12.98.153.37
927,Garnette,Dablin,gdablinpq@mashable.com,Female,107.203.64.44
928,Clari,Desantis,cdesantispr@parallels.com,Female,80.116.111.6
929,Brockie,Braam,bbraamps@wordpress.org,Male,138.176.18.161
930,Joe,Melato,jmelatopt@cyberchimps.com,Male,9.128.33.219
931,Darya,Dann,ddannpu@samsung.com,Female,65.98.117.10
932,Amby,Baston,abastonpv@examiner.com,Male,140.241.51.137
933,Peta,Grishelyov,pgrishelyovpw@patch.com,Female,154.215.94.76
934,Lay,Rosenboim,lrosenboimpx@topsy.com,Male,232.84.47.142
935,Twyla,Headrick,theadrickpy@goo.ne.jp,Female,75.65.198.160
936,Dex,Hughlock,dhughlockpz@canalblog.com,Male,253.214.160.63
937,Jsandye,Keenleyside,jkeenleysideq0@a8.net,Female,216.121.67.121
938,Phip,Farnon,pfarnonq1@cbc.ca,Male,151.72.2.185
939,Harman,Snalom,hsnalomq2@kickstarter.com,Male,218.251.102.166
940,Brigg,Garatty,bgarattyq3@kickstarter.com,Male,61.130.119.193
941,Ferrel,Helsdon,fhelsdonq4@earthlink.net,Male,97.80.200.60
942,Alec,Pear,apearq5@pinterest.com,Male,0.234.48.145
943,Jenine,Yea,jyeaq6@domainmarket.com,Female,111.51.109.158
944,Tally,Ajsik,tajsikq7@stumbleupon.com,Female,91.39.49.179
945,Patrick,Runacres,prunacresq8@ed.gov,Male,129.251.248.186
946,Mona,Hedgeman,mhedgemanq9@slate.com,Female,238.168.175.109
947,Mella,Wildish,mwildishqa@ebay.com,Female,14.255.197.197
948,Kira,Hubach,khubachqb@gmpg.org,Female,192.161.22.103
949,Shamus,Getsham,sgetshamqc@tinyurl.com,Male,234.73.84.217
950,Rhodia,Finn,rfinnqd@smugmug.com,Female,251.92.56.215
951,Christina,Foystone,cfoystoneqe@reuters.com,Female,172.92.56.176
952,Angelo,McAllaster,amcallasterqf@theatlantic.com,Male,223.116.221.72
953,Georas,Keemer,gkeemerqg@harvard.edu,Male,233.178.118.51
954,Teddy,Pindred,tpindredqh@ted.com,Male,98.123.111.52
955,Elvis,Neiland,eneilandqi@odnoklassniki.ru,Male,67.102.5.80
956,Dre,Hartzog,dhartzogqj@over-blog.com,Female,8.85.206.124
957,Ginnie,Sidle,gsidleqk@nih.gov,Female,171.10.84.232
958,Missie,Maguire,mmaguireql@vk.com,Female,7.0.153.137
959,Angie,Danev,adanevqm@symantec.com,Female,21.70.44.8
960,Tomlin,Allibone,talliboneqn@opera.com,Male,54.159.188.9
961,Cleve,Priestley,cpriestleyqo@ow.ly,Male,222.149.20.24
962,Oralie,Milroy,omilroyqp@harvard.edu,Female,18.15.43.155
963,Angelika,Kurton,akurtonqq@myspace.com,Female,90.80.248.215
964,Gabbie,Dmytryk,gdmytrykqr@fda.gov,Female,252.31.201.98
965,Corine,Rennicks,crennicksqs@soup.io,Female,255.233.83.118
966,Glyn,Fraanchyonok,gfraanchyonokqt@unc.edu,Male,54.202.184.25
967,Wilfrid,De Roberto,wderobertoqu@google.co.uk,Male,164.47.56.94
968,Charlot,Mitkin,cmitkinqv@printfriendly.com,Female,116.38.200.84
969,Philomena,Billinge,pbillingeqw@gmpg.org,Female,61.151.139.26
970,Colet,Laval,clavalqx@wisc.edu,Male,77.11.61.181
971,Haroun,Thurnham,hthurnhamqy@altervista.org,Male,8.195.23.169
972,Adlai,Asch,aaschqz@gmpg.org,Male,246.31.86.92
973,Kleon,Killingworth,kkillingworthr0@cdc.gov,Male,39.170.117.158
974,Rudd,Kundt,rkundtr1@networkadvertising.org,Male,2.62.245.217
975,Cassius,Hallybone,challyboner2@squidoo.com,Male,133.124.236.200
976,Violante,Feragh,vferaghr3@mayoclinic.com,Female,150.253.252.115
977,Virge,Oehm,voehmr4@springer.com,Male,198.99.129.223
978,Rees,Bocken,rbockenr5@salon.com,Male,129.244.16.67
979,Crissie,McIsaac,cmcisaacr6@joomla.org,Female,107.156.2.145
980,Kayne,Cummins,kcumminsr7@scientificamerican.com,Male,213.99.5.197
981,Lazaro,Haywood,lhaywoodr8@geocities.jp,Male,188.91.99.127
982,Arlyne,Brombell,abrombellr9@sun.com,Female,41.139.132.154
983,Christoper,Madle,cmadlera@chicagotribune.com,Male,208.64.125.140
984,Korney,Shorto,kshortorb@chronoengine.com,Female,137.19.39.7
985,Angeli,Barkess,abarkessrc@facebook.com,Male,199.32.41.18
986,Dina,Eskrigge,deskriggerd@reuters.com,Female,162.220.241.187
987,Mar,Jacmar,mjacmarre@slate.com,Male,223.22.186.163
988,Sigismondo,Sworder,ssworderrf@shinystat.com,Male,76.111.72.48
989,Charo,Rotte,crotterg@spotify.com,Female,106.137.172.160
990,Rosemonde,Gyver,rgyverrh@google.com.hk,Female,227.107.206.237
991,Patricio,O'Neal,ponealri@webeden.co.uk,Male,221.126.105.10
992,Jackelyn,Colbourn,jcolbournrj@imageshack.us,Female,220.47.134.36
993,Bat,Terrett,bterrettrk@blogspot.com,Male,93.74.10.51
994,Berthe,McGrale,bmcgralerl@sohu.com,Female,146.242.250.199
995,Dedie,Ruspine,druspinerm@netscape.com,Female,140.255.245.95
996,Susana,Huet,shuetrn@mit.edu,Female,230.4.68.243
997,Bunny,Pitkeathly,bpitkeathlyro@bizjournals.com,Female,231.145.80.210
998,Fielding,Rumsey,frumseyrp@sina.com.cn,Male,246.255.93.48
999,Moises,Minelli,mminellirq@geocities.jp,Male,230.90.9.63
1000,Cesya,Mannix,cmannixrr@huffingtonpost.com,Female,134.21.109.132
